20170406-14:43:50,5.33142805099,2840,0,270,507245,211500,97740,93755,15435,0
20170406-14:43:56,5.51405215263,2955,0,265,575310,211450,97425,93620,3485,0
20170406-14:44:02,6.04872202873,2860,0,285,319195,211410,97210,93765,1425,0
20170406-14:44:09,6.68007397652,2910,0,265,19810,211430,97050,93760,1330,0
20170406-14:44:14,5.46416282654,2830,0,240,9325,211390,97240,93640,1325,0
20170406-14:44:19,5.29901790619,2860,0,240,8800,211340,97395,93670,10450,0
20170406-14:44:25,5.33239483833,2900,0,270,8750,211470,97355,93655,29530,0
20170406-14:44:30,5.33232784271,2875,0,295,8690,211505,97150,93585,30805,0
20170406-14:44:35,5.36487293243,2895,0,265,344070,211585,97170,93520,18160,0
20170406-14:44:41,5.38243484497,2875,0,265,557745,211555,97230,93490,3720,0
20170406-14:44:46,5.42908596992,2820,0,260,577505,211540,97140,93510,1565,0
20170406-14:44:52,5.39744997025,2870,0,240,168645,211510,97065,93405,1390,0
20170406-14:44:57,5.59893202782,2805,0,220,17900,211545,96790,93470,1360,0
20170406-14:45:03,5.33155107498,2855,0,270,9555,212345,96770,93320,14925,0
20170406-14:45:08,5.42908596992,2870,0,265,8760,212465,96620,93470,16250,0
20170406-14:45:13,5.36452198029,2900,0,245,338275,212455,96835,93455,7125,0
20170406-14:45:19,5.30037093163,2875,0,240,558600,212555,96815,93435,1660,0
20170406-14:45:24,5.38177418709,2880,0,270,578495,212620,97025,93415,14040,0
20170406-14:45:30,5.54736804962,2875,0,245,181785,212465,97200,93380,15750,0
20170406-14:45:35,5.71501612663,2810,0,270,24745,212465,97070,93330,15920,0
20170406-14:45:41,5.48322319984,2825,0,235,9630,212515,96805,93130,16345,0
20170406-14:45:46,5.29992198944,2880,0,240,8810,212595,96480,93225,16315,0
20170406-14:45:52,5.49805688858,2900,0,280,8690,212595,96300,93180,16110,0
20170406-14:45:57,5.44617295265,2870,0,270,8685,212565,96205,93050,2200,0
20170406-14:46:02,5.33281493187,2890,0,250,8680,212485,96290,92865,1410,0
20170406-14:46:08,5.63379383087,2860,0,225,8730,212675,96340,92920,1340,0
20170406-14:46:13,5.33253407478,2875,0,280,499200,212710,96445,93000,1355,0
20170406-14:46:19,5.51474499702,2865,0,250,576635,212655,96475,93150,6580,0
20170406-14:46:24,5.30006599426,2835,0,255,580830,212565,96580,92945,28420,0
20170406-14:46:29,5.30089998245,2890,0,265,128955,212700,96605,92820,30490,0
20170406-14:46:35,5.89899206161,2860,0,285,15635,212710,96640,92795,18185,0
20170406-14:46:41,5.41492199898,2895,0,280,9100,212680,96505,92710,5385,0
20170406-14:46:46,5.4616549015,2885,0,245,8775,212790,96215,92695,1560,0
20170406-14:46:51,5.33312487602,2875,0,240,8730,212820,96065,92555,1375,0
20170406-14:46:57,5.39731693268,2845,0,235,2425,212840,95840,92490,1375,0
20170406-14:47:02,5.29976511002,2870,0,245,145,212790,95760,92660,14945,0
20170406-14:47:08,5.49747896194,2865,0,230,0,212805,95725,92655,16190,0
20170406-14:47:13,5.54701590538,2875,0,260,0,212710,95835,92565,7210,0
20170406-14:47:20,6.54964494705,2810,0,280,0,212740,96030,92270,1660,0
20170406-14:47:25,5.3317759037,0,0,245,0,212965,96095,92265,13955,0
20170406-14:47:32,6.82094979286,0,0,245,0,212995,96110,92285,15830,0
20170406-14:47:38,5.56495785713,0,0,245,0,212970,96150,92110,15935,0
20170406-14:47:43,5.38366508484,0,0,280,0,212945,96005,92200,16375,0
20170406-14:47:48,5.33211016655,0,0,260,0,212965,95715,92255,16330,0
20170406-14:47:54,5.33298301697,0,0,240,0,212905,95385,92325,7035,0
20170406-14:47:59,5.36478018761,0,0,265,0,212900,94915,92345,1880,0
20170406-14:48:04,5.36469101906,0,0,260,0,212880,94970,92330,1365,0
20170406-14:48:10,5.36454582214,0,0,235,0,212940,94915,92125,1335,0
20170406-14:48:15,5.36510515213,0,0,250,0,212975,95030,91875,1335,0
20170406-14:48:20,5.47906804085,0,0,280,0,212970,95210,91955,14060,0
20170406-14:48:26,5.3650560379,0,0,250,0,213095,95295,91700,29405,0
20170406-14:48:32,6.36978507042,0,0,215,0,213000,95420,91735,30845,0
20170406-14:48:38,5.39866495132,0,0,270,0,213040,95425,91845,16845,0
20170406-14:48:43,5.29543399811,0,0,270,0,213030,95465,91785,2920,0
20170406-14:48:48,5.36472606659,0,0,265,0,213220,95240,91845,1505,0
20170406-14:48:54,5.33260393143,0,0,275,0,213220,95055,91865,1375,0
20170406-14:48:59,5.33228993416,0,0,245,0,213285,94875,92045,6850,0
20170406-14:49:04,5.54865384102,0,0,250,0,213240,94620,92050,15810,0
20170406-14:49:10,5.56141805649,0,0,280,0,213240,94470,91945,16280,0
20170406-14:49:16,5.7471909523,0,0,240,0,213210,94415,91875,3555,0
20170406-14:49:21,5.45995998383,0,0,230,0,213270,94445,91750,2235,0
20170406-14:49:28,6.40103793144,0,0,240,0,213425,94565,91730,15475,0
20170406-14:49:33,5.3323700428,0,0,245,0,213375,94760,91905,15900,0
20170406-14:49:39,5.51152300835,0,0,240,0,213265,94990,91870,15910,0
20170406-14:49:44,5.36395001411,0,0,235,0,213295,95055,92005,16415,0
20170406-14:49:49,5.36472892761,0,0,280,0,213265,94895,91900,16355,0
20170406-14:49:55,5.33265113831,0,0,235,0,213285,94830,91950,7100,0
20170406-14:50:00,5.29729485512,0,0,265,0,213240,94655,91740,1685,0
20170406-14:50:05,5.33301901817,0,0,245,0,213305,94320,91535,1370,0
20170406-14:50:11,5.71612095833,0,0,245,0,213460,94180,91335,1345,0
20170406-14:50:16,5.36470198631,0,0,230,0,213430,94205,91260,1335,0
20170406-14:50:22,5.46519207954,0,0,250,0,213480,94225,91260,14120,0
20170406-14:50:27,5.54748702049,0,0,275,0,213405,94345,91215,29930,0
20170406-14:50:33,5.33248209953,0,0,280,0,213440,94285,91225,30700,0
20170406-14:50:38,5.39705014229,0,0,255,0,213455,94210,91050,16710,0
20170406-14:50:43,5.33266997337,0,0,275,0,213585,94230,91105,3020,0
20170406-14:50:49,5.36480617523,0,0,245,0,213525,94050,91155,1480,0
20170406-14:50:54,5.33241701126,0,0,230,0,213600,94180,91165,1340,0
20170406-14:50:59,5.36474990845,0,0,260,0,213555,94440,91285,7135,0
20170406-14:51:05,5.5109038353,0,0,235,0,213665,94505,91510,15450,0
20170406-14:51:10,5.49693202972,0,0,285,0,213635,94420,91445,16250,0
20170406-14:51:16,5.48118901253,0,0,275,0,213705,94360,91440,4865,0
20170406-14:51:21,5.47466492653,0,0,245,0,213765,94130,91510,2755,0
20170406-14:51:27,5.42109513283,0,0,265,0,213675,94090,91690,13970,0
20170406-14:51:32,5.44709300995,0,0,275,0,213685,94030,91625,15915,0
20170406-14:51:39,6.43260908127,0,0,275,0,213710,93865,91785,15950,0
20170406-14:51:44,5.36367702484,0,0,270,0,213785,93815,91635,16480,0
20170406-14:51:49,5.38057088852,0,0,260,0,213805,93930,91830,16370,0
20170406-14:51:55,5.43476390839,0,0,245,0,213850,94200,91900,6900,0
20170406-14:52:00,5.33259391785,0,0,245,0,213825,94295,91955,1695,0
20170406-14:52:06,5.33206820488,0,0,235,0,213835,94480,23950,1395,0
20170406-14:52:11,5.33276796341,0,0,240,0,213825,94680,5755,1325,0
20170406-14:52:16,5.57563996315,0,0,265,0,213835,94440,3995,1360,0
20170406-14:52:22,5.36652708054,0,0,250,0,213820,94175,3910,15495,0
20170406-14:52:27,5.33166480064,0,0,245,0,213795,94030,3865,29455,0
20170406-14:52:32,5.3322429657,0,0,270,0,213785,94120,3725,29830,0
20170406-14:52:38,5.33168005943,0,0,270,0,213845,94400,570,17170,0
20170406-14:52:43,5.300303936,0,0,245,0,213740,94400,275,3790,0
20170406-14:52:49,6.36844396591,0,0,250,0,213725,94375,210,1425,0
20170406-14:52:55,5.30233192444,0,0,245,0,213720,94260,250,1360,0
20170406-14:53:00,5.39686989784,0,0,250,0,213735,94460,240,8065,0
20170406-14:53:06,5.36426782608,0,0,245,0,213760,94590,230,15850,0
20170406-14:53:12,6.69828987122,0,0,270,0,213750,94630,225,16300,0
20170406-14:53:18,5.59697508812,0,0,270,0,213755,94570,210,2575,0
20170406-14:53:23,5.33268713951,0,0,250,0,213720,94645,225,8565,0
20170406-14:53:29,5.36446714401,0,0,250,0,213785,94490,225,15535,0
20170406-14:53:34,5.38281011581,0,0,265,0,213780,94370,195,15910,0
20170406-14:53:39,5.36436295509,0,0,260,0,213935,94145,230,17920,0
20170406-14:53:45,5.29915308952,0,0,265,0,213905,94130,210,16505,0
20170406-14:53:50,5.33232998848,0,0,250,0,213955,94310,210,16325,0
20170406-14:53:55,5.29978585243,0,0,260,0,213845,94630,225,6230,0
20170406-14:54:01,5.38191509247,0,0,270,0,213900,94825,235,1785,0
20170406-14:54:06,5.29890012741,0,0,240,0,213925,94860,220,1385,0
20170406-14:54:11,5.33229398727,0,0,245,0,214040,94905,205,1360,0
20170406-14:54:17,5.30021500587,0,0,250,0,213985,95030,205,1340,0
20170406-14:54:22,5.33187794685,0,0,235,0,213975,94975,205,17650,0
20170406-14:54:27,5.29973506927,0,0,240,0,213965,94715,220,29610,0
20170406-14:54:33,5.54493808746,0,0,280,0,214075,94750,220,30700,0
20170406-14:54:38,5.43267989159,0,0,260,0,213910,94695,240,17110,0
20170406-14:54:43,5.36455488205,0,0,270,0,214115,94785,210,3510,0
20170406-14:54:49,5.29950094223,0,0,215,0,214100,94555,235,1560,0
20170406-14:54:54,5.29990291595,0,0,280,0,213995,94520,220,1370,0
20170406-14:55:00,5.56644296646,0,0,260,0,214025,94390,220,4805,0
20170406-14:55:05,5.33185505867,0,0,260,0,214125,94750,225,15685,0
20170406-14:55:10,5.46394920349,0,0,240,0,214065,94900,210,16255,0
20170406-14:55:16,5.48130702972,0,0,225,0,214245,95120,245,5895,0
20170406-14:55:21,5.41283106804,0,0,270,0,214485,95275,210,1615,0
20170406-14:55:27,5.3325741291,0,0,255,0,213920,95360,260,14410,0
20170406-14:55:32,5.39590597153,0,0,250,0,213900,95075,230,15815,0
20170406-14:55:37,5.33167099953,0,0,290,0,213805,94840,250,15920,0
20170406-14:55:43,5.33204603195,0,0,280,0,213870,94880,240,16760,0
20170406-14:55:48,5.33189892769,0,0,240,0,214005,94950,215,16350,0
20170406-14:55:53,5.29988002777,0,0,270,0,213945,95105,220,12050,0
20170406-14:55:59,5.36435294151,0,0,255,0,213985,95245,230,2345,157835
20170406-14:56:04,5.46301698685,0,0,235,0,213990,95225,260,1400,266500
20170406-14:56:10,5.41510796547,0,0,250,0,213935,95195,240,1375,270045
20170406-14:56:15,5.37162899971,0,0,285,0,213985,95300,260,1340,268640
20170406-14:56:20,5.30640101433,0,0,230,0,213925,95275,220,10010,268190
20170406-14:56:26,5.31862092018,0,0,270,0,214550,95115,235,28275,267580
20170406-14:56:31,5.35543417931,0,0,270,0,214825,94870,255,30565,266865
20170406-14:56:36,5.31797194481,0,0,255,0,214890,94850,265,18410,266160
20170406-14:56:42,5.38431715965,0,0,240,0,214800,94750,255,6095,266150
20170406-14:56:47,5.35486292839,0,0,265,0,214815,94900,245,1810,266830
20170406-14:56:52,5.35166192055,0,0,240,0,214835,95055,205,1400,266280
20170406-14:56:58,5.35070109367,0,0,255,0,214875,95165,230,1395,32180
20170406-14:57:03,5.31986284256,0,0,240,0,214845,95205,220,14165,2810
20170406-14:57:09,5.6658718586,0,0,255,0,214825,95340,210,16240,100
20170406-14:57:14,5.58407616615,0,0,260,0,214840,95140,225,11060,0
20170406-14:57:20,5.44914698601,0,0,250,0,214835,95010,245,1870,0
20170406-14:57:25,5.68605399132,0,0,235,0,214795,95000,240,12830,0
20170406-14:57:31,5.35266804695,0,0,255,0,214820,94885,205,15730,0
20170406-14:57:36,5.56832790375,0,0,265,0,214780,94920,210,15895,0
20170406-14:57:42,5.4337580204,0,0,240,0,214785,94805,240,16790,0
20170406-14:57:47,5.3178358078,0,0,240,0,214785,94825,235,16360,0
20170406-14:57:52,5.31922984123,0,0,250,0,214740,94840,220,16295,0
20170406-14:57:58,5.31824803352,0,0,255,0,214760,94985,225,2715,0
20170406-14:58:03,5.31828093529,0,0,255,0,214755,94870,230,1475,0
20170406-14:58:08,5.35089707375,0,0,245,0,214685,94755,245,1370,0
20170406-14:58:14,5.35091590881,0,0,250,0,214750,94640,220,1355,0
20170406-14:58:19,5.35209798813,0,0,275,0,214745,94600,245,2810,0
20170406-14:58:24,5.35029816628,0,0,275,0,214675,94710,215,21885,0
20170406-14:58:30,5.38329911232,0,0,265,0,214695,94785,270,30440,0
20170406-14:58:35,5.32002997398,0,0,270,0,214675,94945,260,21370,0
20170406-14:58:41,5.38246393204,0,0,270,0,214675,94890,225,11190,0
20170406-14:58:46,5.3184158802,0,0,245,0,214660,94830,250,1915,0
20170406-14:58:51,5.31936192513,0,0,240,0,214645,94645,205,1385,0
20170406-14:58:58,6.35405015945,0,0,265,0,214575,94665,220,1340,0
20170406-14:59:03,5.32451510429,0,0,285,0,214595,94655,230,14525,0
20170406-14:59:08,5.48060512543,0,0,240,0,214615,94630,250,16165,0
20170406-14:59:14,5.53211593628,0,0,265,0,214575,94590,220,14485,0
20170406-14:59:20,5.76756882668,0,0,245,0,214570,94525,210,2105,0
20170406-14:59:25,5.35081505775,0,0,235,0,214595,94655,210,13460,0
20170406-14:59:30,5.34844899178,0,0,220,0,214520,94695,255,15700,0
20170406-14:59:36,5.35109901428,0,0,250,0,214535,94805,220,15890,0
20170406-14:59:41,5.5342540741,0,0,240,0,214565,94880,225,16730,0
20170406-14:59:47,5.35279798508,0,0,250,0,214565,94725,220,16370,0
20170406-14:59:52,5.5338549614,0,0,295,0,214570,94355,235,16350,0
20170406-14:59:59,7.24024200439,0,0,250,0,214615,94260,235,2470,0
20170406-15:00:05,5.31991791725,0,0,275,0,214475,94205,230,1420,0
20170406-15:00:10,5.31939196587,0,0,235,0,214510,94275,225,1375,0
20170406-15:00:15,5.32023501396,0,0,235,0,214515,94295,230,1350,0
20170406-15:00:21,5.40281701088,0,0,255,0,214210,94400,265,9215,0
20170406-15:00:26,5.31938195229,0,0,235,0,214110,94525,255,28065,0
20170406-15:00:31,5.32018399239,0,0,245,0,214060,94685,220,30655,0
20170406-15:00:37,5.35215902328,0,0,270,0,214060,94560,230,18760,0
20170406-15:00:42,5.35132217407,0,0,240,0,214135,94525,210,6185,0
20170406-15:00:47,5.38742899895,0,0,250,0,214125,94400,250,1625,0
20170406-15:00:53,5.3194129467,0,0,240,0,214115,94170,215,1380,0
20170406-15:00:58,5.31923985481,0,0,255,0,214160,94035,235,1375,0
20170406-15:01:03,5.32082796097,0,0,250,0,214055,93810,235,14685,0
20170406-15:01:09,5.66446900368,0,0,255,0,214205,93870,265,16160,0
20170406-15:01:15,5.61686992645,0,0,240,0,214200,93835,260,8345,0
20170406-15:01:20,5.45216488838,0,0,260,0,214175,93820,255,2400,0
20170406-15:01:25,5.31912994385,0,0,245,0,214220,93865,230,13880,0
20170406-15:01:31,5.40318107605,0,0,240,0,214250,93785,230,15660,0
20170406-15:01:36,5.35102701187,0,0,285,0,214260,6610,255,15825,0
20170406-15:01:42,5.45091414452,0,0,240,0,214295,1745,240,16350,0
20170406-15:01:47,5.32047915459,0,0,235,0,214435,245,255,16270,0
20170406-15:01:52,5.31941509247,0,0,250,0,214435,210,250,16275,0
20170406-15:01:59,6.3888669014,0,0,265,0,214335,220,215,2355,0
20170406-15:02:04,5.70187091827,0,0,260,0,214190,225,235,1460,0
20170406-15:02:10,5.53382897377,0,0,240,0,214320,235,205,1360,0
20170406-15:02:16,6.38958501816,0,0,255,0,214375,230,255,1355,0
20170406-15:02:22,5.31883192062,0,0,245,0,214330,220,220,16015,0
20170406-15:02:27,5.35153007507,0,0,280,0,214345,235,210,29470,0
20170406-15:02:33,6.35676693916,0,0,260,0,214510,200,215,30690,0
20170406-15:02:39,5.35206699371,0,0,270,0,214485,240,245,16855,0
20170406-15:02:44,5.31967616081,0,0,240,0,214665,255,215,2810,0
20170406-15:02:50,6.3553249836,0,0,240,0,214765,215,260,1445,0
20170406-15:02:56,5.35173797607,0,0,290,0,214705,190,240,1375,0
20170406-15:03:01,5.3516831398,0,0,290,0,214695,215,235,10490,0
20170406-15:03:06,5.31916809082,0,0,270,0,214755,205,230,15790,0
20170406-15:03:12,5.45007109642,0,0,255,0,214690,225,230,16315,0
20170406-15:03:17,5.61651206017,0,0,305,0,214695,230,235,3640,0
20170406-15:03:23,5.31891703606,0,0,270,0,214710,205,230,5600,0
20170406-15:03:29,6.38890504837,0,0,260,0,214675,240,215,15525,0
20170406-15:03:35,5.41542196274,0,0,240,0,214660,260,210,15865,0
20170406-15:03:40,5.35162210464,0,0,250,0,214740,265,205,16020,0
20170406-15:03:45,5.32014679909,0,0,260,0,214670,240,240,16285,0
20170406-15:03:51,5.38374114037,0,0,255,0,214740,255,230,16325,0
20170406-15:03:56,5.48365902901,0,0,240,0,214650,250,240,4735,0
20170406-15:04:02,5.38573884964,0,0,255,0,214725,205,225,1670,0
20170406-15:04:07,5.35056304932,0,0,205,0,214660,225,205,1430,0
20170406-15:04:12,5.32007694244,0,0,230,0,214695,220,205,1335,0
20170406-15:04:18,5.31915402412,0,0,255,0,214615,215,220,1365,0
20170406-15:04:24,6.53792500496,0,0,235,0,214665,205,230,23380,0
20170406-15:04:29,5.35149002075,0,0,275,0,214680,220,210,30395,0
20170406-15:04:35,5.40201592445,0,0,255,0,214640,240,230,24170,0
20170406-15:04:40,5.32151222229,0,0,265,0,214595,240,235,14230,0
20170406-15:04:45,5.32548999786,0,0,260,0,214645,210,230,2565,0
20170406-15:04:51,5.32012104988,0,0,290,0,214650,215,215,1420,0
20170406-15:04:56,5.35382509232,0,0,265,0,214585,210,225,1385,0
20170406-15:05:02,5.446641922,0,0,280,0,214605,210,220,11920,0
20170406-15:05:07,5.35132813454,0,0,250,0,214635,215,220,15935,0
20170406-15:05:21,14.3903717995,0.0,0.0,0.0,0,214580,195,210,1805,0
20170406-15:05:27,5.29637002945,0.0,0.0,0.0,0,214625,200,250,14720,0
20170406-15:05:32,5.21428513527,0.0,0.0,0.0,0,214590,200,230,15830,0
20170406-15:05:37,5.35034990311,0,0,255,0,214625,190,230,15970,0
20170406-15:05:44,6.405367136,0,0,260,0,214695,240,210,16330,0
20170406-15:05:49,5.35166287422,0,0,290,0,214645,210,225,16325,0
20170406-15:05:54,5.31841993332,0,0,270,0,214630,215,200,12445,0
20170406-15:06:01,6.35415506363,0,0,240,0,214630,235,195,3010,0
20170406-15:06:06,5.35154700279,0,0,260,0,214655,230,240,1380,0
20170406-15:06:11,5.5518989563,0,0,245,0,214655,215,250,1365,0
20170406-15:06:17,5.31853914261,0,0,250,0,214670,225,235,1365,0
20170406-15:06:22,5.3194270134,0,0,250,0,214725,200,220,14835,0
20170406-15:06:27,5.34868383408,0,0,265,0,214670,205,230,29410,0
20170406-15:06:33,5.35184979439,0,0,235,0,214705,205,200,30790,0
20170406-15:06:38,5.35035085678,0,0,275,0,214705,210,230,17455,0
20170406-15:06:44,5.31895208359,0,0,225,0,214735,240,230,3940,0
20170406-15:06:49,5.35186195374,0,0,280,0,214670,190,245,1505,0
20170406-15:06:54,5.31850886345,0,0,240,0,214640,245,235,1355,0
20170406-15:07:00,5.35119891167,0,0,265,0,214635,225,215,1380,0
20170406-15:07:05,5.35216903687,0,0,230,0,214640,230,230,14110,0
20170406-15:07:10,5.58189606667,0,0,245,0,214740,220,230,16240,0
20170406-15:07:16,5.73330807686,0,0,270,0,214705,195,235,5125,0
20170406-15:07:22,5.5120408535,0,0,280,0,214680,230,230,1690,0
20170406-15:07:27,5.3162150383,0,0,275,0,214770,220,210,14870,0
20170406-15:07:33,6.42198896408,0,0,240,0,214745,220,235,15855,0
20170406-15:07:39,5.31867909431,0,0,280,0,214705,205,240,15920,0
20170406-15:07:44,5.35018420219,0,0,270,0,214685,205,230,16445,0
20170406-15:07:50,6.35639500618,0,0,250,0,214730,220,220,16370,0
20170406-15:07:56,5.35056781769,0,0,255,0,214750,165,215,6920,0
20170406-15:08:01,5.35007715225,0,0,275,0,214780,220,205,1655,0
20170406-15:08:06,5.31877303123,0,0,260,0,214655,240,235,1360,0
20170406-15:08:12,5.31930303574,0,0,255,0,214735,235,220,1335,0
20170406-15:08:17,5.35222220421,0,0,270,0,214760,205,225,1345,0
20170406-15:08:22,5.318805933,0,0,250,0,214720,185,240,18050,0
20170406-15:08:28,5.31856513023,0,0,220,0,214710,205,220,29605,0
20170406-15:08:33,5.38389205933,0,0,245,0,214720,225,240,29760,0
20170406-15:08:39,5.38309907913,0,0,250,0,214705,220,205,17110,0
20170406-15:08:44,5.31880617142,0,0,270,0,214710,250,245,3465,0
20170406-15:08:49,5.31833195686,0,0,270,0,214665,235,220,1480,0
20170406-15:08:55,5.38309693336,0,0,270,0,214750,240,230,1355,0
20170406-15:09:00,5.45222711563,0,0,250,0,214720,225,220,4760,0
20170406-15:09:05,5.38058400154,0,0,250,0,214680,210,215,15675,0
20170406-15:09:11,5.58177185059,0,0,205,0,214775,220,250,16260,0
20170406-15:09:17,5.73343801498,0,0,270,0,214725,240,220,4245,0
20170406-15:09:22,5.35277581215,0,0,240,0,214705,215,235,1650,0
20170406-15:09:27,5.35098195076,0,0,270,0,214725,190,190,15095,0
20170406-15:09:33,5.31816720963,0,0,240,0,214710,220,190,15865,0
20170406-15:09:38,5.31872200966,0,0,260,0,214710,240,250,15910,0
20170406-15:09:43,5.40025997162,0,0,275,0,214770,225,230,16415,0
20170406-15:09:49,5.35078406334,0,0,265,0,214675,230,210,16335,0
20170406-15:09:54,5.31856489182,0,0,240,0,214745,230,215,12500,0
20170406-15:10:00,5.38414716721,0,0,255,0,214705,215,220,1985,0
20170406-15:10:05,5.40049505234,0,0,230,0,214670,240,215,1415,0
20170406-15:10:10,5.4343829155,0,0,230,0,215620,220,205,1365,0
20170406-15:10:16,5.38227105141,0,0,255,0,215875,205,230,1360,0
20170406-15:10:22,6.3865249157,0,0,265,0,215560,230,255,15180,0
20170406-15:10:27,5.35108995438,0,0,280,0,214695,235,230,29395,0
20170406-15:10:34,6.35555005074,0,0,280,0,214660,190,240,26375,0
20170406-15:10:40,6.4184961319,0,0,265,0,214795,205,240,12050,0
20170406-15:10:46,5.35168409348,0,0,270,0,214665,215,220,2370,0
20170406-15:10:51,5.35072302818,0,0,245,0,214685,230,225,1435,0
20170406-15:10:56,5.46635913849,0,0,270,0,214645,245,235,1375,0
20170406-15:11:03,6.40514707565,0,0,265,0,214665,215,230,14170,0
20170406-15:11:08,5.56408786774,0,0,260,0,214705,210,235,16120,0
20170406-15:11:14,5.53374290466,0,0,285,0,214715,190,235,11020,0
20170406-15:11:19,5.52658009529,0,0,250,0,214655,205,230,2260,0
20170406-15:11:25,5.3532679081,0,0,280,0,214695,215,230,13265,0
20170406-15:11:30,5.38379001617,0,0,255,0,214635,225,240,15675,0
20170406-15:11:37,6.35474300385,0,0,235,0,214685,230,245,15890,0
20170406-15:11:42,5.31931900978,0,0,210,0,214640,220,210,16505,0
20170406-15:11:48,6.4053299427,0,10,230,0,214650,215,235,16375,0
20170406-15:11:54,5.38305187225,0,0,235,0,214695,225,190,15425,0
20170406-15:11:59,5.32071304321,0,0,240,0,214670,240,220,3455,0
20170406-15:12:04,5.35219407082,0,0,225,0,214700,230,260,1460,0
20170406-15:12:10,5.51381993294,0,0,270,0,214595,230,225,1360,0
20170406-15:12:16,5.68512511253,0,0,245,0,214650,210,230,1355,0
20170406-15:12:21,5.31844806671,0,0,230,0,214640,255,280,8415,0
20170406-15:12:26,5.50279593468,0,0,215,0,215560,235,265,29075,0
20170406-15:12:32,5.31660699844,0,0,240,0,215875,235,250,30680,0
20170406-15:12:37,5.31795406342,0,0,255,0,215805,215,235,19230,0
20170406-15:12:42,5.45228910446,0,0,245,0,215805,215,210,4570,0
20170406-15:12:48,5.35011911392,0,0,265,0,215790,235,240,1645,0
20170406-15:12:53,5.41419196129,0,0,250,0,215800,205,225,1395,0
20170406-15:12:59,5.35216903687,0,0,290,0,215855,190,210,1380,0
20170406-15:13:04,5.31651997566,0,0,230,0,215785,250,230,14675,0
20170406-15:13:09,5.56376004219,0,0,265,0,214915,215,245,16295,0
20170406-15:13:21,11.8716759682,0.0,0.0,245,0,215680,200,240,2870,0
20170406-15:13:27,5.33083891869,0.0,0.0,260,0,215790,215,235,14755,0
20170406-15:13:32,5.24886512756,0.0,0.0,275,0,215745,230,235,15850,0
20170406-15:13:37,5.34887385368,0,0,235,0,215815,220,245,15905,0
20170406-15:13:43,5.38259911537,0,0,275,0,215770,195,240,16195,56030
20170406-15:13:48,5.40237593651,0,0,245,0,215815,235,245,16300,253450
20170406-15:13:53,5.31725287437,0,0,230,0,215735,225,230,16300,269845
20170406-15:13:59,5.38423919678,0,5,235,0,215785,225,230,2390,270535
20170406-15:14:04,5.3166949749,0,0,240,0,215730,210,235,1465,269480
20170406-15:14:09,5.38203597069,0,0,265,0,215760,205,265,1375,268580
20170406-15:14:15,5.38677215576,0,0,265,0,215715,220,240,1350,267610
20170406-15:14:20,5.59932112694,0,0,260,0,215785,235,230,6470,79280
20170406-15:14:26,5.41526794434,0,0,260,0,215755,225,230,28700,4480
20170406-15:14:31,5.38311600685,0,0,245,0,215690,215,225,30755,340
20170406-15:14:37,5.35107207298,0,0,265,0,215715,215,250,19945,0
20170406-15:14:42,5.81842207909,0,0,265,0,215760,200,230,5315,0
20170406-15:14:48,5.50391292572,0,0,275,0,215665,200,225,1600,0
20170406-15:14:53,5.35259819031,0,0,240,0,215620,185,245,1390,0
20170406-15:14:59,5.41660189629,0,0,265,0,215680,245,235,1365,0
20170406-15:15:04,5.35016703606,0,0,265,0,215660,235,255,14095,0
20170406-15:15:10,5.71452903748,0,0,245,0,215650,240,215,16240,0
20170406-15:15:15,5.68310499191,0,0,260,0,215690,235,225,7395,0
20170406-15:15:21,5.68188285828,0,0,235,0,215605,230,250,1720,0
20170406-15:15:26,5.3187110424,0,0,240,0,215655,240,240,14450,0
20170406-15:15:32,5.31871509552,0,0,275,0,215620,240,260,15820,0
20170406-15:15:37,5.35091710091,0,0,245,0,215555,240,235,15950,0
20170406-15:15:42,5.31994080544,0,0,255,0,215625,265,260,16270,0
20170406-15:15:49,6.35477089882,0,0,255,0,215655,265,215,16285,0
20170406-15:15:54,5.31804394722,0,0,245,0,215685,235,250,10435,0
20170406-15:15:59,5.35653400421,0,0,245,0,215585,235,250,2160,0
20170406-15:16:05,5.35701203346,0,0,255,0,215620,235,240,1425,0
20170406-15:16:10,5.38991308212,0,0,250,0,215590,225,235,1350,0
20170406-15:16:15,5.32353901863,0,0,260,0,215660,260,255,1360,0
20170406-15:16:21,5.32697892189,0,0,275,0,215610,210,230,3565,0
20170406-15:16:26,5.63500404358,0,0,235,0,215575,215,255,29085,0
20170406-15:16:32,5.31837105751,0,0,235,0,215585,240,225,30665,0
20170406-15:16:37,5.38288998604,0,0,275,0,215615,240,240,17995,0
20170406-15:16:43,5.41696715355,0,0,260,0,215600,230,250,4480,0
20170406-15:16:48,5.43321180344,0,0,245,0,215540,230,235,1695,0
20170406-15:16:53,5.35158085823,0,0,250,0,215560,220,240,1370,0
20170406-15:16:59,5.35023999214,0,0,260,0,215530,235,235,1365,0
20170406-15:17:04,5.35132884979,0,0,235,0,215500,230,235,14580,0
20170406-15:17:10,5.66591906548,0,0,240,0,215590,210,220,16220,0
20170406-15:17:15,5.68232297897,0,0,290,0,215520,225,225,6195,0
20170406-15:17:21,5.69664001465,0,0,265,0,215545,200,280,1815,0
20170406-15:17:26,5.35118508339,0,0,265,0,215530,265,245,13960,0
20170406-15:17:32,5.3510620594,0,0,250,0,214985,220,240,15815,0
20170406-15:17:37,5.35162997246,0,0,255,0,214375,210,225,15900,0
20170406-15:17:42,5.3508040905,0,0,245,0,214340,235,230,16240,0
20170406-15:17:48,5.31845808029,0,0,285,0,214320,215,230,16330,0
20170406-15:17:53,5.35039186478,0,0,260,0,214360,235,245,16345,0
20170406-15:18:00,6.3550760746,0,0,245,0,214355,245,215,3045,0
20170406-15:18:05,5.35097813606,0,0,265,0,214320,240,230,1390,0
20170406-15:18:10,5.31997489929,0,0,260,0,214345,230,250,1370,0
20170406-15:18:16,5.35031509399,0,0,235,0,214395,225,215,1340,0
20170406-15:18:22,6.38773989677,0,0,235,0,214350,230,230,9785,0
20170406-15:18:28,6.3546090126,0,0,265,0,214260,215,245,30000,0
20170406-15:18:36,7.5737631321,0,10,270,0,214600,225,240,22790,0
20170406-15:18:41,5.38449811935,0,0,240,0,214395,195,235,7670,0
20170406-15:18:47,5.41378521919,0,0,225,0,214395,205,215,1710,0
20170406-15:18:53,6.38795304298,0,20,240,0,214360,220,200,1375,0
20170406-15:18:58,5.32010602951,0,0,260,0,214765,220,250,1340,0
20170406-15:19:04,5.35016083717,0,0,255,0,215360,210,220,13995,0
20170406-15:19:09,5.68316102028,0,10,250,0,215520,210,220,16255,0
20170406-15:19:21,11.8893399239,0.0,0.0,260,0,215460,225,235,1700,0
20170406-15:19:27,5.25009799004,0.0,0.0,240,0,215505,225,220,13545,0
20170406-15:19:32,5.24935603142,0.0,0.0,245,0,215125,240,240,15870,0
20170406-15:19:37,5.31851100922,0,0,270,0,215360,255,220,15905,0
20170406-15:19:42,5.31838512421,0,0,265,0,215460,245,245,16025,0
20170406-15:19:48,5.38433384895,0,0,280,0,215230,235,260,16325,0
20170406-15:19:53,5.44999790192,0,0,245,0,214415,225,230,16090,0
20170406-15:19:59,5.41539406776,0,0,265,0,214295,225,255,2720,0
20170406-15:20:05,6.08076000214,0,0,260,0,214345,235,245,1420,0
20170406-15:20:10,5.38240408897,0,0,265,0,214265,235,235,1360,0
20170406-15:20:16,5.41680383682,0,0,245,0,214295,250,215,1325,0
20170406-15:20:21,5.4148581028,0,0,270,0,215505,235,210,11255,0
20170406-15:20:26,5.5115749836,0,0,270,0,215895,250,240,29015,0
20170406-15:20:32,5.68594098091,0,0,270,0,215925,210,210,30685,0
20170406-15:20:38,5.38218903542,0,0,265,0,215965,235,230,18040,0
20170406-15:20:43,5.32136702538,0,0,240,0,215910,230,225,4445,0
20170406-15:20:48,5.31825494766,0,0,250,0,215935,220,230,1505,0
20170406-15:20:54,5.51211810112,0,0,255,0,215925,220,230,1365,0
20170406-15:20:59,5.41647386551,0,0,250,0,215930,240,245,3625,0
20170406-15:21:05,5.51547288895,0,0,260,0,215945,215,215,15175,0
20170406-15:21:10,5.68163704872,0,0,255,0,215935,230,230,16225,0
20170406-15:21:16,5.61533093452,0,0,240,0,215885,225,225,6445,0
20170406-15:21:21,5.56408691406,0,0,255,0,215965,230,260,3150,0
20170406-15:21:27,5.35186696053,0,0,245,0,215890,225,215,14695,0
20170406-15:21:32,5.3183529377,0,0,245,0,215285,210,250,15670,0
20170406-15:21:38,5.3499519825,0,0,250,0,214725,220,265,15875,0
20170406-15:21:43,5.31951403618,0,0,235,0,215665,225,205,16115,0
20170406-15:21:48,5.35045003891,0,0,240,0,215885,210,225,16270,0
20170406-15:21:55,6.92154598236,0,0,215,0,215870,235,225,8785,0
20170406-15:22:01,5.53603696823,0,0,225,0,215860,235,240,1790,0
20170406-15:22:07,6.38660812378,0,0,230,0,215915,230,275,1420,0
20170406-15:22:12,5.31949496269,0,0,250,0,215960,205,245,1335,0
20170406-15:22:18,5.43333101273,0,0,265,0,215890,235,240,1330,0
20170406-15:22:23,5.48366093636,0,0,230,0,215895,190,235,21300,0
20170406-15:22:29,5.63494706154,0,0,260,0,215945,215,230,30075,0
20170406-15:22:35,5.68070697784,0,0,230,0,215970,230,250,22745,0
20170406-15:22:40,5.35027194023,0,0,250,0,215940,210,240,11765,0
20170406-15:22:45,5.35084199905,0,0,260,0,215950,240,220,2875,0
20170406-15:22:51,5.35061502457,0,0,275,0,215915,225,225,1425,0
20170406-15:22:56,5.35243105888,0,0,245,0,215885,205,235,1380,0
20170406-15:23:01,5.350233078,0,0,240,0,215900,205,260,10520,0
20170406-15:23:07,5.35071086884,0,0,235,0,216005,235,210,15975,0
20170406-15:23:12,5.53460001945,0,0,245,0,215945,220,225,16290,0
20170406-15:23:18,5.66374993324,0,0,240,0,215910,215,235,2805,0
20170406-15:23:23,5.31762290001,0,0,245,0,215930,255,255,9915,0
20170406-15:23:29,5.35251307487,0,0,275,0,215955,220,250,15320,0
20170406-15:23:34,5.46586585045,0,0,250,0,215875,220,215,15850,0
20170406-15:23:39,5.3520181179,0,0,265,0,215975,255,250,15450,0
20170406-15:23:45,5.35114693642,0,0,240,0,215940,210,235,16240,0
20170406-15:23:50,5.31829690933,0,0,245,0,215985,225,220,16330,0
20170406-15:23:55,5.40253996849,0,0,245,0,215930,220,270,6860,0
20170406-15:24:01,5.31896209717,0,0,230,0,216000,225,250,1865,0
20170406-15:24:06,5.35030889511,0,0,230,0,215895,190,230,1375,0
20170406-15:24:11,5.31953191757,0,0,260,0,215930,250,220,1365,0
20170406-15:24:17,5.35072302818,0,0,250,0,215955,210,260,1330,0
20170406-15:24:22,5.35027694702,0,0,250,0,215980,245,245,19665,0
20170406-15:24:27,5.31870102882,0,0,275,0,215960,225,235,29725,0
20170406-15:24:33,5.35486888885,0,0,240,0,216000,205,235,30645,0
20170406-15:24:38,5.35218691826,0,0,245,0,215955,220,260,17075,0
20170406-15:24:44,5.35073304176,0,0,255,0,215995,225,260,3195,0
20170406-15:24:49,5.35116100311,0,0,240,0,215985,200,235,1510,0
20170406-15:24:54,5.31976413727,0,0,235,0,216010,230,255,1355,0
20170406-15:25:00,5.38302397728,0,0,245,0,215975,210,230,5010,0
20170406-15:25:05,5.41738200188,0,0,250,0,215940,230,220,15220,0
20170406-15:25:10,5.45048499107,0,0,285,0,216030,250,235,16215,0
20170406-15:25:16,5.49915599823,0,0,265,0,216030,245,250,6025,0
20170406-15:25:21,5.40002417564,0,0,310,0,215960,205,210,4730,0
20170406-15:25:27,5.38341093063,0,0,290,0,216010,235,205,13200,0
20170406-15:25:32,5.31890392303,0,0,260,0,216060,235,225,15760,0
20170406-15:25:37,5.35202312469,0,0,235,0,215965,230,230,15850,0
20170406-15:25:43,5.3506398201,0,0,260,0,216015,235,240,16075,0
20170406-15:25:48,5.73577594757,0,0,245,0,215995,235,230,16250,148350
20170406-15:25:55,6.43692493439,0,0,275,0,215975,245,215,12050,264965
20170406-15:26:01,6.35457777977,0,0,240,0,216005,265,225,1730,269205
20170406-15:26:07,5.35161089897,0,0,245,0,216065,245,250,1390,268390
20170406-15:26:12,5.38312792778,0,0,245,0,215975,225,235,1360,267580
20170406-15:26:20,7.69277215004,0,0,255,0,215985,215,215,7385,266740
20170406-15:26:25,5.40235185623,0,0,300,0,215975,200,225,27730,266355
20170406-15:26:30,5.31808805466,0,0,255,0,215985,195,240,30625,265965
20170406-15:26:37,6.35509610176,0,0,250,0,215970,220,230,19670,132570
20170406-15:26:42,5.31947898865,0,0,260,0,216050,235,245,6755,12200
20170406-15:26:47,5.38302612305,0,0,275,0,216010,230,230,1550,1060
20170406-15:26:53,5.35382008553,0,0,245,0,216055,205,220,1360,0
20170406-15:26:58,5.35546708107,0,0,260,0,216075,235,240,1350,0
20170406-15:27:04,5.35541915894,0,0,245,0,216100,240,200,15125,0
20170406-15:27:09,5.48287296295,0,0,240,0,216140,215,215,16250,0
20170406-15:27:21,12.2428929806,0.0,0.0,245,0,216385,215,235,3045,0
20170406-15:27:27,5.2820649147,0.0,0.0,260,0,216390,190,240,14750,0
20170406-15:27:33,6.28514385223,0.0,0.0,235,0,216385,240,255,15880,0
20170406-15:27:38,5.31864595413,0,0,265,0,216440,220,250,15930,0
20170406-15:27:44,5.40218997002,0,0,215,0,216455,190,250,16075,0
20170406-15:27:49,5.45210313797,0,0,270,0,216425,240,235,16285,0
20170406-15:27:54,5.31843781471,0,0,240,0,216425,215,275,8960,0
20170406-15:28:00,5.3581199646,0,0,270,0,216485,230,225,2070,0
20170406-15:28:05,5.38253211975,0,0,240,0,216425,245,245,1405,0
20170406-15:28:10,5.31924915314,0,0,260,0,216550,230,235,1370,0
20170406-15:28:16,5.34970593452,0,0,255,0,216500,195,235,1320,0
20170406-15:28:22,6.40591001511,0,0,240,0,216485,225,220,21435,0
20170406-15:28:27,5.31991291046,0,0,265,0,216515,225,235,30095,0
20170406-15:28:33,5.31956791878,0,0,270,0,216525,245,230,30830,0
20170406-15:28:38,5.35127711296,0,0,265,0,216485,190,255,16975,0
20170406-15:28:43,5.32469701767,0,0,240,0,216445,190,240,3820,0
20170406-15:28:49,5.31877112389,0,0,250,0,216510,230,235,1465,0
20170406-15:28:54,5.43403100967,0,0,265,0,216585,245,250,1380,0
20170406-15:29:00,5.31944203377,0,0,280,0,216565,230,240,6795,0
20170406-15:29:05,5.46567201614,0,0,295,0,216555,235,235,15775,0
20170406-15:29:10,5.45151090622,0,0,280,0,216570,150005,215,16280,0
20170406-15:29:16,5.49733614922,0,0,230,0,216585,123945,225,5290,0
20170406-15:29:22,6.43715500832,0,0,240,0,216560,126800,225,10075,0
20170406-15:29:28,5.31991481781,0,0,215,0,216505,127640,260,15355,0
20170406-15:29:33,5.3510119915,0,0,235,0,216415,125020,240,15830,0
20170406-15:29:38,5.31963920593,0,0,235,0,216460,122210,250,15290,0
20170406-15:29:44,5.40147089958,0,0,235,0,216490,120495,230,16200,0
20170406-15:29:50,6.38720989227,0,0,260,0,216575,117450,240,16240,0
20170406-15:29:57,6.50488901138,0,0,265,0,216515,114515,240,3530,0
20170406-15:30:02,5.31916308403,0,0,285,0,216485,112735,240,1570,0
20170406-15:30:07,5.35128688812,0,0,245,0,216500,111280,250,1395,0
20170406-15:30:13,5.35279607773,0,0,235,0,216615,110475,225,1345,0
20170406-15:30:18,5.31882596016,0,0,245,0,216650,109710,270,1360,0
20170406-15:30:24,5.60413908958,0,0,280,0,216535,108285,255,26680,0
20170406-15:30:29,5.35116004944,0,0,230,0,216620,107535,235,30530,0
20170406-15:30:34,5.32100081444,0,0,265,0,216605,106845,240,24260,0
20170406-15:30:40,5.40335607529,0,0,275,0,216570,106265,250,8770,0
20170406-15:30:45,5.31909108162,0,0,240,0,216580,105960,250,2005,0
20170406-15:30:50,5.31906604767,0,0,235,0,216660,105580,220,1440,0
20170406-15:30:56,5.32511615753,0,0,250,0,216650,104570,235,1355,0
20170406-15:31:01,5.31864118576,0,0,245,0,216760,103590,230,11850,0
20170406-15:31:06,5.32065820694,0,0,245,0,216680,102585,245,15940,0
20170406-15:31:12,5.48179197311,0,0,250,0,216685,101705,245,16355,0
20170406-15:31:17,5.68245315552,0,0,270,0,216645,101185,240,3215,0
20170406-15:31:23,5.32051587105,0,0,255,0,216555,100540,235,11410,0
20170406-15:31:28,5.31928896904,0,0,245,0,216655,100340,265,15525,0
20170406-15:31:33,5.31912708282,0,0,230,0,216660,100385,225,15930,0
20170406-15:31:39,5.35242199898,0,0,245,0,216590,100470,275,14995,0
20170406-15:31:44,5.32358789444,0,0,270,0,216615,100650,225,16250,0
20170406-15:31:49,5.35200500488,0,0,265,0,216645,100825,230,16395,0
20170406-15:31:55,5.401252985,0,0,305,0,216590,100980,225,5595,0
20170406-15:32:00,5.46776008606,0,0,260,0,216560,100930,250,1755,0
20170406-15:32:06,5.58338594437,0,0,230,0,216505,100620,185,1370,0
20170406-15:32:11,5.31923508644,0,0,245,0,216520,100180,265,1375,0
20170406-15:32:17,5.60207891464,0,0,275,0,216565,100030,225,1335,0
20170406-15:32:22,5.32072687149,0,0,260,0,216620,99975,225,21925,0
20170406-15:32:27,5.31996393204,0,0,245,0,216555,99985,255,30090,0
20170406-15:32:33,5.32089686394,0,0,235,0,216590,100045,240,30835,0
20170406-15:32:38,5.35156393051,0,0,245,0,216575,99975,255,16925,0
20170406-15:32:44,5.38351488113,0,0,250,0,216610,100025,245,2745,0
20170406-15:32:49,5.32074904442,0,0,250,0,216595,100200,220,1480,0
20170406-15:32:54,5.31941699982,0,0,265,0,216450,100185,220,1335,0
20170406-15:32:59,5.31898808479,0,0,255,0,216370,100170,245,6720,0
20170406-15:33:05,5.32022285461,0,0,255,0,216385,100160,230,15470,0
20170406-15:33:10,5.59536504745,0,0,255,0,216340,100055,215,16285,0
20170406-15:33:16,5.88321995735,0,0,265,0,216370,100095,215,3685,0
20170406-15:33:22,5.39978909492,0,0,255,0,216450,99895,235,6590,0
20170406-15:33:27,5.31896901131,0,0,285,0,216425,99745,215,15085,0
20170406-15:33:33,5.6696190834,0,0,285,0,216460,99490,245,15935,0
20170406-15:33:38,5.31867098808,0,0,240,0,216425,99330,225,16000,0
20170406-15:33:43,5.4017560482,0,0,280,0,216420,99315,235,16225,0
20170406-15:33:49,5.31952500343,0,0,275,0,216445,99290,230,16370,0
20170406-15:33:54,5.31902289391,0,0,265,0,216550,99240,210,10360,0
20170406-15:33:59,5.38896608353,0,0,245,0,216500,99220,270,1835,0
20170406-15:34:05,5.31855392456,0,0,235,0,216530,99335,230,1400,0
20170406-15:34:10,5.34925508499,0,0,260,0,216500,99345,235,1365,0
20170406-15:34:16,5.53583693504,0,0,260,0,216550,99305,225,1315,0
20170406-15:34:21,5.31899404526,0,0,235,0,216385,99170,250,11880,0
20170406-15:34:26,5.46609997749,0,0,245,0,216400,99105,240,29720,0
20170406-15:34:32,5.31986498833,0,0,210,0,216445,98995,255,30755,0
20170406-15:34:37,5.31777381897,0,0,285,0,216375,98875,240,18025,0
20170406-15:34:43,5.63446807861,0,0,240,0,216335,98760,225,3250,0
20170406-15:34:48,5.39982295036,0,0,270,0,216450,98635,225,1525,0
20170406-15:34:53,5.31936502457,0,0,265,0,216405,98390,240,1360,0
20170406-15:34:59,5.52728295326,0,0,275,0,216430,98145,200,3445,0
20170406-15:35:04,5.38349699974,0,0,270,0,216485,97780,250,15165,0
20170406-15:35:10,5.67844414711,0,0,285,0,216425,97695,230,16350,0
20170406-15:35:16,6.40176486969,0,0,255,0,216395,97720,230,4510,0
20170406-15:35:22,5.44836807251,0,0,265,0,216320,97755,210,7960,0
20170406-15:35:27,5.44915294647,0,0,280,0,216395,97865,235,15210,0
20170406-15:35:33,5.42020320892,0,0,250,0,216380,97940,265,15910,0
20170406-15:35:38,5.41547513008,0,0,285,0,216380,97995,220,15935,0
20170406-15:35:44,5.57786297798,0,0,265,0,216460,97890,265,16185,0
20170406-15:35:49,5.35121297836,0,0,260,0,216395,97720,240,16320,0
20170406-15:35:54,5.35057592392,0,0,260,0,216475,97700,240,8875,0
20170406-15:36:00,5.32022309303,0,0,230,0,216435,97525,220,1780,0
20170406-15:36:05,5.35292816162,0,0,275,0,216400,97395,220,1420,0
20170406-15:36:10,5.38457012177,0,0,260,0,216465,97215,220,1365,0
20170406-15:36:16,5.41470599174,0,0,250,0,216400,97195,235,1375,0
20170406-15:36:21,5.4931268692,0,0,260,0,216465,97205,225,14590,0
20170406-15:36:27,5.5135011673,0,0,250,0,216435,97230,260,29970,0
20170406-15:36:32,5.51532196999,0,0,255,0,216450,96945,240,30750,0
20170406-15:36:38,6.11918997765,0,0,265,0,216400,96735,245,17040,0
20170406-15:36:44,5.57169508934,0,0,260,0,216445,96780,260,2355,0
20170406-15:36:49,5.3514111042,0,0,260,0,217380,97080,205,1455,0
20170406-15:36:55,5.38335490227,0,0,265,0,217880,97150,230,1350,0
20170406-15:37:00,5.31786704063,0,0,235,0,217885,97175,195,9610,0
20170406-15:37:06,5.3834631443,0,0,260,0,217910,96955,235,15750,0
20170406-15:37:11,5.64846777916,0,0,270,0,217850,96665,210,16315,0
20170406-15:37:17,5.81325507164,0,0,235,0,217885,96355,215,3980,0
20170406-15:37:22,5.38867497444,0,0,230,0,217900,96340,210,8685,0
20170406-15:37:28,5.53241491318,0,0,250,0,217895,96420,240,15290,0
20170406-15:37:34,6.51833701134,0,0,270,0,217995,96555,260,15890,0
20170406-15:37:40,5.56427788734,0,0,260,0,218005,96650,215,15395,0
20170406-15:37:46,5.73149394989,0,0,240,0,217225,96670,250,16305,0
20170406-15:37:51,5.62694406509,0,0,250,0,217820,96575,245,16345,0
20170406-15:37:57,5.35279798508,0,0,205,0,217915,96345,215,3770,0
20170406-15:38:02,5.34986400604,0,0,230,0,217875,96090,220,1590,0
20170406-15:38:07,5.31929922104,0,0,250,0,217865,106475,205,1350,0
20170406-15:38:14,6.50367689133,0,0,255,0,217870,134950,240,1355,0
20170406-15:38:19,5.40146398544,0,0,250,0,217890,138775,245,6595,0
20170406-15:38:25,5.32019591331,0,0,255,0,217880,106770,210,22200,0
20170406-15:38:30,5.35181713104,0,0,250,0,217900,100370,265,30605,0
20170406-15:38:35,5.31879091263,0,0,265,0,217965,100535,38435,22195,0
20170406-15:38:41,5.43535900116,0,0,230,0,217820,100875,42630,7020,0
20170406-15:38:46,5.45182919502,0,0,255,0,217745,100980,14105,1870,0
20170406-15:38:52,6.13692784309,0,0,250,0,217800,101170,1035,1375,0
20170406-15:38:58,5.38585495949,0,0,280,0,217760,101040,265,1380,0
20170406-15:39:03,5.31860089302,0,0,245,0,217805,100865,245,14140,0
20170406-15:39:09,5.69783687592,0,0,265,0,218015,100735,235,16240,0
20170406-15:39:14,5.63745498657,0,0,255,0,217965,100550,225,10980,0
20170406-15:39:20,5.44939208031,0,0,250,0,217995,100030,250,1915,0
20170406-15:39:25,5.31890892982,0,0,265,0,217905,99730,225,13655,0
20170406-15:39:30,5.31744790077,0,0,240,0,217780,99505,230,15790,0
20170406-15:39:36,5.34962511063,0,0,250,0,217790,99210,210,15980,0
20170406-15:39:41,5.31803917885,0,0,250,0,217845,99385,250,15550,0
20170406-15:39:47,5.58455204964,0,0,265,0,216395,99485,245,16360,0
20170406-15:39:52,5.32015299797,0,0,270,0,216335,101220,240,16425,0
20170406-15:39:57,5.38298106194,0,0,270,0,216355,138450,245,3490,0
20170406-15:40:03,5.3516368866,0,0,250,0,216365,142550,19345,1460,0
20170406-15:40:08,5.40157604218,0,0,240,0,217670,144660,41650,1350,0
20170406-15:40:13,5.31873297691,0,0,255,0,217775,145910,42870,1355,0
20170406-15:40:19,5.45092988014,0,0,240,0,217545,146755,7105,2840,0
20170406-15:40:24,5.32533097267,0,0,240,0,217470,147165,1900,26240,0
20170406-15:40:31,6.35170292854,0,0,265,0,217375,109680,270,30625,0
20170406-15:40:36,5.43343901634,0,0,235,0,217415,107840,235,19250,0
20170406-15:40:41,5.38321709633,0,0,295,0,217405,107585,250,6280,153725
20170406-15:40:47,5.31923508644,0,0,235,0,217390,107460,230,1835,262970
20170406-15:40:52,5.31955194473,0,0,270,0,217540,107240,215,1380,270825
20170406-15:40:57,5.32348895073,0,0,265,0,216045,107055,230,1345,270110
20170406-15:41:03,5.35075187683,0,0,270,0,215905,106720,250,13295,269065
20170406-15:41:08,5.6630859375,0,0,280,0,215925,106195,180,16190,267810
20170406-15:41:14,5.48696398735,0,0,280,0,215950,106120,225,14460,267340
20170412-12:03:12,5.10345506668,0,0
20170412-12:03:17,5.13586306572,0,0
20170412-12:03:22,5.10385417938,0,0
20170412-12:03:27,5.13604521751,0,0
20170412-12:03:32,5.28548789024,0,0
20170412-12:03:38,5.28401184082,0,0
20170412-12:03:43,5.68445110321,0,0
20170412-12:03:49,5.18476605415,0,0
20170412-12:03:54,5.10307192802,0,0
20170412-12:03:59,5.13604402542,0,0
20170412-12:04:04,5.4366440773,0,0
20170412-12:04:09,5.10396099091,0,0
20170412-12:04:14,5.13590097427,0,0
20170412-12:04:20,5.10380601883,0,0
20170412-12:04:25,5.10355806351,0,0
20170412-12:04:30,5.10375618935,0,0
20170412-12:04:35,5.25171017647,0,0
20170412-12:04:40,5.2518119812,0,0
20170412-12:04:46,6.10782194138,0,0
20170412-12:04:51,5.10330796242,0,0
20170412-12:04:57,5.10453701019,0,0
20170412-12:05:02,5.10406899452,0,0
20170412-12:05:07,5.13594198227,0,0
20170412-12:05:12,5.10356092453,0,0
20170412-12:05:17,5.10329580307,0,0
20170412-12:05:22,5.18583393097,0,0
20170412-12:05:27,5.13611888885,0,0
20170412-12:05:32,5.10364508629,0,0
20170412-12:05:38,5.10378694534,0,0
20170412-12:05:43,5.10379719734,0,0
20170412-12:05:48,5.13572692871,0,0
20170412-12:05:53,5.13575792313,0,0
20170412-12:05:58,5.10253000259,0,0
20170412-12:06:03,5.2851729393,0,0
20170412-12:06:08,5.13666796684,0,0
20170412-12:06:14,5.13593792915,0,0
20170412-12:06:19,5.10382008553,0,0
20170412-12:06:24,5.13563895226,0,0
20170412-12:06:29,5.10374712944,0,0
20170412-12:06:34,5.13615107536,0,0
20170412-12:06:39,5.10365104675,0,0
20170412-12:06:44,5.10415101051,0,0
20170412-12:06:49,5.13632702827,0,0
20170412-12:06:55,5.33733701706,0,0
20170412-12:07:00,5.13612604141,0,0
20170412-12:07:05,5.10383200645,0,0
20170412-12:07:10,5.13910698891,0,0
20170412-12:07:15,5.13938784599,0,0
20170412-12:07:20,5.10915589333,0,0
20170412-12:07:26,5.13922691345,0,0
20170412-12:07:31,5.14081215858,0,0
20170412-12:07:36,5.13958406448,0,0
20170412-12:07:41,5.23785090446,0,0
20170412-12:07:46,5.23783397675,0,0
20170412-12:07:51,5.10697698593,0,0
20170412-12:07:57,5.15735983849,0,0
20170412-12:08:02,5.10710000992,0,0
20170412-12:08:07,5.10737204552,0,0
20170412-12:08:12,5.10715317726,0,0
20170412-12:08:17,5.139097929,0,0
20170412-12:08:22,5.07480788231,0,0
20170412-12:08:27,5.07505893707,205,0
20170412-12:08:32,5.20762705803,185,0
20170412-12:08:37,5.07538700104,200,140
20170412-12:08:43,5.10763883591,215,347540
20170412-12:08:48,5.07507300377,220,437280
20170412-12:08:53,5.07563090324,210,311170
20170412-12:08:58,5.25765299797,205,80600
20170412-12:09:03,5.10705518723,200,59150
20170412-12:09:08,5.07453298569,225,57345
20170412-12:09:13,5.07472586632,205,57250
20170412-12:09:18,5.07466816902,205,57190
20170412-12:09:23,5.07486391068,205,28295
20170412-12:09:28,5.07530403137,200,2795
20170412-12:09:33,5.07499909401,220,450
20170412-12:09:39,5.07450199127,250,190
20170412-12:09:44,5.25580501556,240,180
20170412-12:09:55,11.013890028,0.0,0.0
20170412-12:10:00,5.00537919998,0.0,0.0
20170412-12:10:05,5.00529003143,0.0,0.0
20170412-12:10:10,5.10275387764,200,180
